,CDR3,Epitope,Gene,J_gene,V_family,V_gene
1,CASGGGADGLTFPYIQF,EAAGIGILTV,TRA,45,02,02-01
4,CAVSRGGGADGLTF,EAAGIGILTV,TRA,45,02,02-01
10,CAVKDSTLTF,EAAGIGILTV,TRA,01,02,02-01
12,CAAPQAGTALIF,AARAVFLAL,TRA,15,08,08-02
13,CTDVSTGGFKTIF,AARAVFLAL,TRA,09,03,03-01
23,CAVSDITYKYIF,AVFDRKSDAK,TRA,40,16,16-01
28,CAEYSSASKIIF,GLCTLVAML,TRA,03,15,15-01
31,CAEDADSTLTF,GLCTLVAML,TRA,11,15,15-01
36,CAESTSGGKLIF,GLCTLVAML,TRA,23,15,15-01
37,CAESTGKLIF,GLCTLVAML,TRA,23,15,15-01
38,CAESIGKLIF,GLCTLVAML,TRA,37,15,15-01
39,CAEKGGTALIF,GLCTLVAML,TRA,16,15,15-01
56,CAVGALAGTASKLTF,KRGIVEQCCTSISSL,TRA,44,08,08-03
61,CAEYTGTASKLTF,NLVPMVATV,TRA,44,15,15-01
66,CAPYTGTASKLTF,NLVPMVATV,TRA,44,15,15-01
67,CAGPMKTSYDKVIF,NLVPMVATV,TRA,50,25,25-01
74,CAVRIDYKLSF,NLVPMVATV,TRA,20,01,01-04
77,CAGPRQTSYDKVIF,NLVPMVATV,TRA,50,25,25-01
78,CAVDIETSGSRLTF,NLVPMVATV,TRA,58,27,27-01
80,CAGPRKTSYDKVIF,NLVPMVATV,TRA,50,25,25-01
81,CAEISPSGGSYIPTF,NLVPMVATV,TRA,06,15,15-01
86,CAGPEKTSYDKVIF,NLVPMVATV,TRA,50,25,25-01
88,CAMRVPRAQGGSEKLVF,NLVPMVATV,TRA,57,06,06-01
92,CATDAPGGYQKVTF,NLVPMVATV,TRA,03,39,39-01
110,CAASAGATDKLTF,NLVPMVATV,TRA,27,21,21-01
117,CAVDEGKLIF,RYPLTFGWCF,TRA,37,08,08-03
119,CALFLDGQKLLF,RYPLTFGW,TRA,16,09,09-02
123,CAVSDEVIF,RYPLTFGW,TRA,30,08,08-04
127,CALLGISGGYQKVTF,RYPLTFGWCF,TRA,13,06,06-01
128,CATDAKAGTALIF,RYPLTFGWCF,TRA,15,17,17-01
129,CFLGSYGGATTKLIF,RYPLTFGWCF,TRA,32,40,40-01
130,CAVPRTGTYKYIF,RYPLTFGW,TRA,40,12,12-02
131,CATDWQAGTALIF,RYPLTFGWCF,TRA,15,17,17-01
148,CAAFKTSYDKVIF,RYPLTFGW,TRA,50,12,12-02
150,CAVPVPGTYKYIF,RYPLTFGW,TRA,40,12,12-02
196,CAVGDDKIIF,LLWNGPMAV,TRA,30,12,12-02
197,CAVGAQKLVF,LLWNGPMAV,TRA,54,12,12-02
198,CAVTGDKLIF,LLWNGPMAV,TRA,34,12,12-02
201,CILRDGWVTGYKYIF,LLWNGPMAV,TRA,40,26,26-02
205,CAAVPIQGAQKLVF,LLWNGPMAV,TRA,54,29,29/DV5
207,CVVTDDKIIF,LLWNGPMAV,TRA,30,12,12-01
209,CAVSASKIIF,LLWNGPMAV,TRA,03,12,12-02
211,CAVMDDKIIF,LLWNGPMAV,TRA,30,12,12-02
214,CAVTASKLTF,LLWNGPMAV,TRA,44,12,12-02
215,CASGDDKIIF,LLWNGPMAV,TRA,30,12,12-02
216,CAVTSDKLIF,LLWNGPMAV,TRA,34,12,12-02
217,CAVSGDDMRF,LLWNGPMAV,TRA,43,12,12-02
221,CAVSGYSTLTF,LLWNGPMAV,TRA,11,12,12-02
222,CAVTSARLMF,LLWNGPMAV,TRA,31,12,12-02
223,CAGGASKIIF,LLWNGPMAV,TRA,03,12,12-02
225,CAVSDDKIIF,LLWNGPMAV,TRA,30,12,12-02
228,CASSDSRGTEAFF,LLWNGPMAV,TRA,42,14,14/DV4
229,CVVSGFKTIF,LLWNGPMAV,TRA,09,12,12-01
231,CAKSASKIIF,LLWNGPMAV,TRA,03,12,12-02
232,CAVGGGKLIF,LLWNGPMAV,TRA,37,12,12-02
235,CAVTDDKIIF,LLWNGPMAV,TRA,30,12,12-02
238,CAVKGDDKIIF,LLWNGPMAV,TRA,30,12,12-02
239,CAVAAYKYIF,LLWNGPMAV,TRA,40,12,12-02
240,CVVGDDKIIF,LLWNGPMAV,TRA,30,12,12-01
241,CAVTGDKIIF,LLWNGPMAV,TRA,30,12,12-02
242,CAVTGDKIIF,LLWNGPMAV,TRA,23,12,12-02
243,CAVTGYSTLTF,LLWNGPMAV,TRA,11,12,12-02
246,CAVTGDDKIIF,LLWNGPMAV,TRA,30,12,12-02
255,CVGAGSYQLTF,LLWNGPMAV,TRA,28,12,12-01
257,CVVEGDKVIF,LLWNGPMAV,TRA,50,12,12-01
258,CAVGASKIIF,LLWNGPMAV,TRA,03,12,12-02
259,CAAVASKIIF,LLWNGPMAV,TRA,03,12,12-02
271,CATDATRDDKIIF,LLWNGPMAV,TRA,30,17,17-01
272,CAVDSTDKLIF,LLWNGPMAV,TRA,34,12,12-02
274,CAVIGDKIIF,LLWNGPMAV,TRA,30,12,12-02
276,CAVSTDKLIF,LLWNGPMAV,TRA,34,12,12-02
278,CAGGDDKIIF,LLWNGPMAV,TRA,30,12,12-02
281,CAVGADGLTF,LLWNGPMAV,TRA,45,12,12-02
286,CALWGFQKLVF,LLWNGPMAV,TRA,08,03,03-01
290,CAVTGDQFYF,LLWNGPMAV,TRA,49,12,12-02
292,CAVSTDSGSARQLTF,LLWNGPMAV,TRA,22,08,08-04
298,CVVIHDKIIF,LLWNGPMAV,TRA,30,12,12-01
300,CADHTGGFKTIF,LLWNGPMAV,TRA,09,13,13-02
303,CAGSASKIIF,LLWNGPMAV,TRA,03,12,12-02
307,CAVSGGKLIF,LLWNGPMAV,TRA,37,12,12-02
313,CAVSPDKLIF,LLWNGPMAV,TRA,34,12,12-02
317,CAARVGSSASKIIF,LLWNGPMAV,TRA,03,13,13-01
319,CAASSIQGAQKLVF,LLWNGPMAV,TRA,54,23,23/DV6
323,CAALDDKIIF,LLWNGPMAV,TRA,30,12,12-02
324,CAGGDSTLTF,LLWNGPMAV,TRA,11,12,12-02
326,CALTGGKLIF,LLWNGPMAV,TRA,23,12,12-02
328,CAVSGSASKIIF,LLWNGPMAV,TRA,03,12,12-02
329,CAFTTDSWGKLQF,LLWNGPMAV,TRA,24,24,24-01
330,CAYSTDSWGKLQF,LLWNGPMAV,TRA,24,24,24-01
331,CAAADDKIIF,LLWNGPMAV,TRA,30,12,12-02
332,CAVSGTYKYIF,LLWNGPMAV,TRA,40,12,12-02
333,CVVSAESGYSTLTF,LLWNGPMAV,TRA,11,10,10-01
336,CALTPDYKLSF,LLWNGPMAV,TRA,20,12,12-02
338,CAVTGTYKYIF,LLWNGPMAV,TRA,40,12,12-02
341,CAASGGSYIPTF,LLWNGPMAV,TRA,06,12,12-02
342,CVVSVGVLYSTLTF,LLWNGPMAV,TRA,11,08,08-02
343,CAVSGDKIIF,LLWNGPMAV,TRA,30,12,12-02
345,CAVSPHKVIF,LLWNGPMAV,TRA,50,12,12-02
347,CALAPDKLIF,LLWNGPMAV,TRA,34,12,12-02
350,CAVSDYKLSF,LLWNGPMAV,TRA,20,12,12-02
353,CAVGGGKLIF,LLWNGPMAV,TRA,23,12,12-02
355,CAVTPDDKIIF,LLWNGPMAV,TRA,30,12,12-02
358,CAVTTDKLIF,LLWNGPMAV,TRA,34,12,12-02
359,CLVGSPFPTSGTYKYIF,LLWNGPMAV,TRA,40,04,04-01
361,CAVSGSARQLTF,LLWNGPMAV,TRA,22,12,12-02
362,CVVSSVRGSYIPTF,LLWNGPMAV,TRA,06,10,10-01
364,CATDHQGAQKLVF,LLWNGPMAV,TRA,54,17,17-01
365,CATDDQGAQKLVF,LLWNGPMAV,TRA,54,17,17-01
366,CAATDSWGKLQF,LLWNGPMAV,TRA,24,25,25-01
368,CAVEDDKIIF,LLWNGPMAV,TRA,30,12,12-02
378,CADSSYKLIF,LLWNGPMAV,TRA,12,12,12-02
382,CAAIDDKIIF,LLWNGPMAV,TRA,30,12,12-02
386,CAVKDDKIIF,LLWNGPMAV,TRA,30,12,12-02
395,CVVSDYKLSF,LLWNGPMAV,TRA,20,12,12-01
402,CAAKDDKIIF,LLWNGPMAV,TRA,30,12,12-02
406,CATSGTYKYIF,LLWNGPMAV,TRA,40,12,12-02
407,CAMSGGKLIF,LLWNGPMAV,TRA,12,12,12-03
410,CAGYMDTGRRALTF,LLWNGPMAV,TRA,05,25,25-01
411,CAGYMDTGRRALTF,LLWNGPMAV,TRA,34,12,12-02
423,CAVSSTDKLIF,LLWNGPMAV,TRA,34,12,12-02
427,CAVSGQKLLF,LLWNGPMAV,TRA,16,12,12-02
430,CAPSGGKLIF,LLWNGPMAV,TRA,23,12,12-02
431,CAVSSDKIIF,LLWNGPMAV,TRA,30,12,12-02
432,CAVGTYKYIF,LLWNGPMAV,TRA,40,12,12-02
434,CAVRDDKIIF,LLWNGPMAV,TRA,30,12,12-02
435,CASEDDKIIF,LLWNGPMAV,TRA,30,12,12-02
436,CAVIAGKSTF,LLWNGPMAV,TRA,27,12,12-02
438,CAVEGGKLIF,LLWNGPMAV,TRA,23,12,12-02
442,CATGDDKIIF,LLWNGPMAV,TRA,30,12,12-02
443,CAVSGGKSTF,LLWNGPMAV,TRA,27,12,12-02
445,CVVADSKLTF,LLWNGPMAV,TRA,44,12,12-01
448,CAGPMKTSYDKVIF,NLVPMVATV,TRA,05,35,35-01
449,CAGPRETSYDKVIF,NLVPMVATV,TRA,05,35,35-01
452,CAGSGTASKLTF,NLVPMVATV,TRA,04,25,25-01
455,CAVRQDYQLIW,NLVPMVATV,TRA,03,03,03-01
456,CAVRQGYQLIW,NLVPMVATV,TRA,03,03,03-01
464,CAVVDQAGTALIF,NLVPMVATV,TRA,01,02,02-01
477,CAVRPGYSSASKIIF,NLVPMVATV,TRA,03,03,03-01
481,CAVRATDSSYKLIF,NLVPMVATV,TRA,01,01,01-02
485,CAAGYSSASKIIF,GLCTLVAML,TRA,03,23,23/DV6
498,CAIDTGGFKTIF,NLVPMVATV,TRA,09,06,06-01
500,CAMRGDAGGTSYGKLTF,GILGFVFTL,TRA,05,14,14/DV4
505,CAYSPGAGGTSYGKLTF,GILGFVFTL,TRA,05,38,38-2/DV8
506,CAFMIGAGGTSYGKLTF,GILGFVFTL,TRA,05,38,38-01
510,CAFMSSPGGTSYGKLTF,GILGFVFTL,TRA,05,38,38-01
511,CAFMLGAGGTSYGKLTF,GILGFVFTL,TRA,05,38,38-01
513,CAMRGDPGGTSYGKLTF,GILGFVFTL,TRA,05,14,14/DV4
514,CAGAPRTSGTYKYIF,GILGFVFTL,TRA,04,02,02-01
584,CALLYARLMF,GILGFVFTL,TRA,03,01,01-01
600,CAARGDTGKLIF,GLCTLVAML,TRA,03,29,29/DV5
611,CAGPFGRLMF,GILGFVFTL,TRA,03,02,02-01
630,CAASDGAGGTSYGKLTF,GLCTLVAML,TRA,05,29,29/DV5
641,CAAETTSGTYKYIF,GILGFVFTL,TRA,04,41,41-01
651,CALHSGGYQKVTF,GILGFVFTL,TRA,13,14,14/DV4
659,CAVSVRMDSSYKLIF,GILGFVFTL,TRA,01,08,08-06
660,CAGLSGGSYIPTF,GILGFVFTL,TRA,06,08,08-04
661,CAETRSRDYKLSF,NLVPMVATV,TRA,02,05,05-01
669,CAEYSSAFKIIF,GLCTLVAML,TRA,03,05,05-01
672,CALSEAGKTSYDKVIF,GILGFVFTL,TRA,05,01,01-01
673,CALSEATSGTYKYIF,GILGFVFTL,TRA,04,01,01-01
676,CAGPMKTSYDKVIF,GILGFVFTL,TRA,05,35,35-01
699,CAVTPPPSYDKVIF,NLVPMVATV,TRA,05,22,22-01
719,CALSGDDYKLSF,NLVPMVATV,TRA,02,01,01-01
721,CAVRSWSTDKLIF,NLVPMVATV,TRA,03,41,41-01
726,CAEEHDRMYSGGGADGLTF,GILGFVFTL,TRA,04,13,13-02
735,CATDGEYAGGTSYGKLTF,GILGFVFTL,TRA,05,01,01-01
736,CAGPEGGYSGAGSYQLTF,GILGFVFTL,TRA,02,02,02-01
739,CAESLDMLTF,GLCTLVAML,TRA,03,05,05-01
749,CAMRDSQGGSEKLVF,GILGFVFTL,TRA,05,14,14/DV4
754,CAYEVRDDKIIF,GILGFVFTL,TRA,03,38,38-2/DV8
755,CAFELILGAQKLVF,NLVPMVATV,TRA,05,02,02-01
757,CAAPGAGSYQLTF,NLVPMVATV,TRA,02,36,36/DV7
761,CAGKTSYDKVIF,NLVPMVATV,TRA,05,25,25-01
762,CAEIQASGGSYIPTF,NLVPMVATV,TRA,06,05,05-01
766,CAVPYSGGGADGLTF,GILGFVFTL,TRA,04,12,12-02
767,CIAHGGGGADGLTF,GILGFVFTL,TRA,04,26,26-02
772,CAETPGPSYDKVIF,NLVPMVATV,TRA,05,13,13-02
846,CAGLTTDSWGKFQF,NLVPMVATV,TRA,24,25,25-01
853,CAGGGGADGLTF,ELAGIGILTV,TRA,45,12,12-02
854,CAVTWGGKLIF,ELAGIGILTV,TRA,23,12,12-02
862,CAAGGGADGLTF,ELAGIGILTV,TRA,45,12,12-02
863,CAVGGGADGLTF,ELAGIGILTV,TRA,45,12,12-02
867,CALIDPGSGGGADGLTF,ELAGIGILTV,TRA,45,12,12-02
868,CAMDSSASKIIF,ELAGIGILTV,TRA,03,12,12-02
870,CAVRDARLMF,ELAGIGILTV,TRA,31,12,12-02
871,CVVKGPGGFKTIF,ELAGIGILTV,TRA,09,12,12-02
872,CALEGGGADGLTF,ELAGIGILTV,TRA,45,27,27-01
874,CAGLSGSARQLTF,ELAGIGILTV,TRA,22,35,35-01
881,CIVRVEIQGAQKLVF,QVELGGGPG,TRA,54,26,26-01
882,CAGGFSDGQKLLF,AGSLQPLALE,TRA,16,25,25-01
883,CAVIETSGSRLTF,AGSLQPLAL,TRA,58,20,20-01
894,CAVTTDSWGKLQF,ELAGIGILTV,TRA,24,12,12-02
896,CAVRTDSWGKLQF,ELAGIGILTV,TRA,24,12,12-02
897,CAIRDDKIIF,ELAGIGILTV,TRA,30,12,12-03
898,CAVRDDKIIF,ELAGIGILTV,TRA,30,12,12-02
902,CAFGGGADGLTF,ELAGIGILTV,TRA,45,12,12-02
903,CAAGGGADGLTF,ELAGIGILTV,TRA,45,12,12-03
904,CARGGGADGLTF,ELAGIGILTV,TRA,45,12,12-02
905,CALGGGADGLTF,ELAGIGILTV,TRA,45,12,12-02
906,CASGGGADGLTF,ELAGIGILTV,TRA,45,12,12-02
932,CAASFIIQGAQKLVF,GILGFVFTL,TRA,54,13,13-01
942,CAVGGYSTLTF,GILGFVFTL,TRA,11,21,21-01
946,CALKSGGGADGLTF,GILGFVFTL,TRA,37,27,27-01
948,CAVEQETSGSRLTF,GILGFVFTL,TRA,45,25,25-01
949,CAVDKTDRGSTLGRLYF,GILGFVFTL,TRA,52,38,38-2/DV8
953,CALGEETSGSRLTF,GILGFVFTL,TRA,24,12,12-01
956,CAVRTDSWGKLQF,GILGFVFTL,TRA,37,13,13-01
957,CAVRQKRSQKLLF,GILGFVFTL,TRA,10,19,19-01
958,CAVRSETSGSRLTF,GILGFVFTL,TRA,36,03,03-01
965,CAVLDSSYKLIF,GILGFVFTL,TRA,37,08,08-06
966,CATDAEGSARQLTF,GILGFVFTL,TRA,42,38,38-2/DV8
969,CATEETSGSRLTF,GILGFVFTL,TRA,43,29,29/DV5
973,CGTGLYSGGGADGLTF,GILGFVFTL,TRA,30,27,27-01
974,CAVTTLSGGSYIPTF,GILGFVFTL,TRA,57,13,13-02
977,CAMREIDSSYKLIF,GILGFVFTL,TRA,42,30,30-01
978,CAAARGSEKLVF,GILGFVFTL,TRA,41,17,17-01
979,CAAVYLRFGKLTF,GILGFVFTL,TRA,45,30,30-01
981,CAVSYSGGYQKVTF,GILGFVFTL,TRA,42,10,10-01
984,CLVVPDSSYKLIF,GILGFVFTL,TRA,57,17,17-01
985,CALSGGGFKTIF,GILGFVFTL,TRA,44,27,27-01
987,CALSEAGTRGSTLGRLYF,GILGFVFTL,TRA,13,08,08-04
990,CAALAGGFKTIF,GILGFVFTL,TRA,12,04,04-01
992,CAVGMTTDSWGKLQF,GILGFVFTL,TRA,37,27,27-01
993,CAGHQSSQGAQKLVF,GILGFVFTL,TRA,37,30,30-01
999,CAESIPGGSASKIIF,GILGFVFTL,TRA,24,08,08-01
1000,CAYRRYGPF,GILGFVFTL,TRA,54,35,35-01
1005,CAVSDSDRDDKIIF,GILGFVFTL,TRA,39,20,20-01
1006,CAGAPRGGAQKLVF,GILGFVFTL,TRA,42,08,08-01
1008,CAGAHDTGKLIF,GILGFVFTL,TRA,03,05,05-01
1011,CVVSSMTF,GILGFVFTL,TRA,37,27,27-01
1014,CMVPTLGRLYF,GILGFVFTL,TRA,42,27,27-01
1016,CAVVTTDSWGKLQF,GILGFVFTL,TRA,54,35,35-01
1019,CAASFLRSGAGSYQLTF,GILGFVFTL,TRA,37,12,12-02
1031,CAATRRTGTASKLTF,GILGFVFTL,TRA,37,27,27-01
1033,CAGSRGGSYIPTF,GILGFVFTL,TRA,37,21,21-01
1035,CALSEIQGAQKLVF,GILGFVFTL,TRA,29,12,12-02
1043,CALILYSGGGADGLTF,GILGFVFTL,TRA,44,29,29/DV5
1046,CAPGGSYIPTF,GILGFVFTL,TRA,53,08,08-01
1049,CAVHTTDSWGKLQF,GILGFVFTL,TRA,37,04,04-01
1051,CILRPPIIQGAQKLVF,GILGFVFTL,TRA,49,35,35-01
1053,CAYRSAGGTSYGKLTF,GILGFVFTL,TRA,48,38,38-2/DV8
1056,CLVGDRSASGGSYIPTF,GILGFVFTL,TRA,39,03,03-01
1058,CAAWMDSSYKLIF,GILGFVFTL,TRA,06,02,02-01
1061,CLVGHSGTYKYIF,GILGFVFTL,TRA,24,21,21-01
1063,CAVLSSGSAMQLTF,GILGFVFTL,TRA,54,26,26-02
1065,CAVSSLSGSRLTF,GILGFVFTL,TRA,52,38,38-2/DV8
1066,CAGRTSGTYKYIF,GILGFVFTL,TRA,31,08,08-04
1067,CAARMDSSYKLIF,GILGFVFTL,TRA,42,13,13-02
1070,CAPDTGTASKLTF,GILGFVFTL,TRA,12,21,21-01
1075,CVVPPADRGSTLGRLYF,GILGFVFTL,TRA,22,13,13-01
1077,CAVTPGGGADGLTF,GILGFVFTL,TRA,10,21,21-01
1079,CAVRKFPGTASKLTF,GILGFVFTL,TRA,12,21,21-01
1082,CAVRPEEETSGSRLTF,GILGFVFTL,TRA,44,21,21-01
1084,CAALSGYSTLTF,GILGFVFTL,TRA,42,12,12-01
1085,CAFMTHAGGTSYGKLTF,GILGFVFTL,TRA,38,16,16-01
1086,CVVTPQDGQKLLF,GILGFVFTL,TRA,37,27,27-01
1087,CAASGYSTLTF,GILGFVFTL,TRA,37,35,35-01
1089,CGTALYSGGGADGLTF,GILGFVFTL,TRA,26,01,01-02
1092,CREGTGTASKLTF,GILGFVFTL,TRA,44,21,21-01
1095,CAGIDTSGTYKYIF,GILGFVFTL,TRA,10,21,21-01
1096,CAASARRQGGSEKLVF,GILGFVFTL,TRA,33,19,19-01
1099,CAVRPSITQETSGSRLTF,GILGFVFTL,TRA,16,12,12-01
1101,CAFSAYFSDGQKLLF,GILGFVFTL,TRA,11,21,21-01
1107,CALSEAQGYSTLTF,GILGFVFTL,TRA,44,22,22-01
1108,CAVGTPDGQKLLF,GILGFVFTL,TRA,04,21,21-01
1110,CATDASDSWGKLQF,GILGFVFTL,TRA,40,27,27-01
1111,CAVRGRGSGYSTLTF,GILGFVFTL,TRA,57,29,29/DV5
1114,CSFCALGEPVLRGETSGSRLTF,GILGFVFTL,TRA,10,41,41-01
1117,CALSEGGQKLLF,GILGFVFTL,TRA,37,23,23/DV6
1121,CARYSGGGADGLTF,GILGFVFTL,TRA,04,13,13-01
1124,CAASWVVEQGGKLIF,GILGFVFTL,TRA,11,19,19-01
1125,CAASAGSGSARQLTF,GILGFVFTL,TRA,16,20,20-01
1126,CALGELPLMDSSYKLIF,GILGFVFTL,TRA,42,29,29/DV5
1127,CAGLEATDSWGKLQF,GILGFVFTL,TRA,44,14,14/DV4
1128,CAVEEVSGYSTLTF,GILGFVFTL,TRA,24,17,17-01
1129,CARGSEVQGAQKLVF,GILGFVFTL,TRA,42,27,27-01
1130,CILRASSDYAGGTSYGKLTF,GILGFVFTL,TRA,11,03,03-01
1132,CASSGYSTLTF,GILGFVFTL,TRA,37,19,19-01
1137,CAAKGTSYDKVIF,GILGFVFTL,TRA,56,20,20-01
1139,CAVDPGASGGSYIPTF,GILGFVFTL,TRA,52,38,38-2/DV8
1140,CAASLIQGAQKLVF,GILGFVFTL,TRA,45,08,08-03
1141,CAGFTSGTYKYIF,GILGFVFTL,TRA,42,08,08-06
1142,CAGDLAAGGTSYGKLTF,GILGFVFTL,TRA,37,13,13-01
1144,CVVSDGRGGSYIPTF,GILGFVFTL,TRA,22,29,29/DV5
1146,CAATGTASKLTF,GILGFVFTL,TRA,24,25,25-01
1147,CLVGDWGDKIIF,GILGFVFTL,TRA,42,27,27-01
1151,CAVDASTLGRLYF,GILGFVFTL,TRA,37,27,27-01
1152,CAVIPADSSYKLIF,GILGFVFTL,TRA,11,21,21-01
1155,CATDEDDTSGSRLTF,GILGFVFTL,TRA,33,38,38-01
1156,CAVGGTSGTYKYIF,GILGFVFTL,TRA,42,08,08-06
1160,CALSHGTYKYIF,GILGFVFTL,TRA,54,13,13-01
1161,CILRWRSSYKLIF,GILGFVFTL,TRA,40,25,25-01
1164,CAATSEARLMF,GILGFVFTL,TRA,06,08,08-02
1167,CAVRPSGAGSYQLTF,NLVPMVATV,TRA,28,21,21-01
1168,CATDSWGKLQF,NLVPMVATV,TRA,24,17,17-01
1170,CASPMDSSYKLIF,NLVPMVATV,TRA,12,24,24-01
1173,CASSIGPEGGSYIPTF,NLVPMVATV,TRA,06,13,13-01
1174,CAASEPGGGADGLTF,NLVPMVATV,TRA,45,29,29/DV5
1179,CAVRDETSGSRLTF,NLVPMVATV,TRA,10,21,21-01
1182,CALRGTSGSRLTF,NLVPMVATV,TRA,10,21,21-01
1186,CAVLSLSGSARQLTF,NLVPMVATV,TRA,22,21,21-01
1187,CALIVPTSGTYKYIF,NLVPMVATV,TRA,40,19,19-01
1188,CAFETQGGSEKLVF,NLVPMVATV,TRA,57,24,24-01
1189,CAMRYDTGGFKTIF,NLVPMVATV,TRA,09,14,14/DV4
1190,CAVRLDDRGSTLGRLYF,NLVPMVATV,TRA,18,21,21-01
1191,CVVSPDRGSTLGRLYF,NLVPMVATV,TRA,18,10,10-01
1193,CAVDVETSGSRLTF,NLVPMVATV,TRA,10,39,39-01
1194,CAVGPLRRYSTLTF,NLVPMVATV,TRA,11,08,08-03
1195,CAVRPAGDSSYKLIF,NLVPMVATV,TRA,12,21,21-01
1198,CAGPSKTSYDKVIF,NLVPMVATV,TRA,50,35,35-01
1199,CAAESGGSYIPTF,NLVPMVATV,TRA,06,22,22-01
1201,CAMSEGDDKIIF,NLVPMVATV,TRA,30,12,12-03
1202,CVVSATDSWGKLQF,NLVPMVATV,TRA,24,10,10-01
1207,CAFPLDSSYKLIF,NLVPMVATV,TRA,12,24,24-01
1208,CRDSWGKLQF,NLVPMVATV,TRA,24,25,25-01
1209,CLVVSDSWGKLQF,NLVPMVATV,TRA,24,04,04-01
1210,CAGSGGGADGLTF,NLVPMVATV,TRA,45,29,29/DV5
1211,CAAPAGGTSYGKLTF,NLVPMVATV,TRA,52,12,12-03
1216,CALGEPAGGTSYGKLTF,NLVPMVATV,TRA,52,19,19-01
1217,CATAPSRGSTLGRLYF,NLVPMVATV,TRA,18,17,17-01
1219,CAVDSWGKLQF,NLVPMVATV,TRA,24,01,01-01
1220,CAAMTTDSWGKFQF,NLVPMVATV,TRA,24,20,20-01
1222,CAMREGVPDTPLVF,NLVPMVATV,TRA,29,14,14/DV4
1223,CAVRWETSGSRLTF,NLVPMVATV,TRA,10,21,21-01
1227,CAVYGGSYIPTF,NLVPMVATV,TRA,06,21,21-01
1228,CAVRAATDSWGKLQF,NLVPMVATV,TRA,24,03,03-01
1229,CAVMGMDSSYKLIF,NLVPMVATV,TRA,12,08,08-06
1232,CAPGDARLMF,NLVPMVATV,TRA,31,12,12-03
1236,CAVRRPFSDGQKLLF,NLVPMVATV,TRA,16,01,01-02
1238,CAAFHSGSARQLTF,NLVPMVATV,TRA,22,13,13-01
1241,CAAEGAIDGQKLLF,NLVPMVATV,TRA,16,23,23/DV6
1243,CAILDDKIIF,NLVPMVATV,TRA,30,12,12-03
1244,CAVQALSSGSARQLTF,NLVPMVATV,TRA,22,20,20-01
1249,CAESWGDSSYKLIF,NLVPMVATV,TRA,12,13,13-02
1252,CAVEYQAGTALIF,NLVPMVATV,TRA,15,21,21-01
1253,CAGIGAASYDKVIF,NLVPMVATV,TRA,50,25,25-01
1255,CAGLWDRGSTLGRLYF,NLVPMVATV,TRA,18,35,35-01
1256,CALSEARSGSARQLTF,NLVPMVATV,TRA,22,19,19-01
1258,CAVIPMDSSYKLIF,NLVPMVATV,TRA,12,08,08-06
1259,CAVRDLGAPRDDKIIF,NLVPMVATV,TRA,30,01,01-01
1260,CAGQPSRHDDKIIF,NLVPMVATV,TRA,30,35,35-01
1262,CAVTGKLIF,NLVPMVATV,TRA,37,01,01-02
1263,CAVQGSDSWGKLQF,NLVPMVATV,TRA,24,20,20-01
1264,CAVQVPPLFGGYQKVTF,NLVPMVATV,TRA,13,20,20-01
1266,CAVTSPPAYDKVIF,NLVPMVATV,TRA,50,12,12-02
1268,CAVRGMDSSYKLIF,NLVPMVATV,TRA,12,01,01-01
1273,CALGMTTDSWGKLQF,NLVPMVATV,TRA,24,19,19-01
1274,CAGQLGGTSYGKLTF,NLVPMVATV,TRA,52,35,35-01
1276,CAYSRGGADGLTF,NLVPMVATV,TRA,45,38,38-2/DV8
1277,CAAVEQAGTALIF,NLVPMVATV,TRA,15,29,29/DV5
1280,CAGHFSDGQKLLF,NLVPMVATV,TRA,16,27,27-01
1282,CAFPTGTASKLTF,NLVPMVATV,TRA,44,24,24-01
1283,CAVRISGGYQKVTF,NLVPMVATV,TRA,13,21,21-01
1288,CAGRQSVDMRF,NLVPMVATV,TRA,43,35,35-01
1290,CAVQAPSETSGSRLTF,NLVPMVATV,TRA,10,20,20-01
1291,CAFEGAQKLVF,NLVPMVATV,TRA,54,24,24-01
1295,CAGEKGGRGSTLGRLYF,NLVPMVATV,TRA,18,27,27-01
1297,CAVDSTDSWGKLQF,NLVPMVATV,TRA,24,02,02-01
1298,CVEDSWGKLQF,NLVPMVATV,TRA,24,22,22-01
1300,CAVIPMDSSYKLIF,NLVPMVATV,TRA,12,08,08-04
1302,CASFSGAQKLVF,NLVPMVATV,TRA,54,16,16-01
1305,CALSEQGGSEKLVF,NLVPMVATV,TRA,57,16,16-01
1308,CAEMPMDSSYKLIF,NLVPMVATV,TRA,12,13,13-02
1309,CASPLDSSYKLIF,NLVPMVATV,TRA,12,24,24-01
1310,CAELTGGFKTIF,NLVPMVATV,TRA,09,13,13-02
1311,CALSEATTGYSTLTF,NLVPMVATV,TRA,11,19,19-01
1313,CAMRDEGRDDKIIF,NLVPMVATV,TRA,30,14,14/DV4
1319,CAVVRWETSGSRLTF,NLVPMVATV,TRA,10,22,22-01
1320,CATDRDDYKLSF,NLVPMVATV,TRA,20,17,17-01
1321,CAGQWELVF,NLVPMVATV,TRA,57,35,35-01
1323,CAMREGRDDKIIF,NLVPMVATV,TRA,30,14,14/DV4
1329,CAMKGSARQLTF,NLVPMVATV,TRA,22,12,12-03
1331,CSFSDGQKLLF,NLVPMVATV,TRA,16,12,12-03
1335,CILSDDYKLSF,NLVPMVATV,TRA,20,26,26-02
1336,CATDAAQGGSEKLVF,NLVPMVATV,TRA,57,17,17-01
1341,CAVPGDSSYKLIF,NLVPMVATV,TRA,12,03,03-01
1342,CAESIVDSSYKLIF,NLVPMVATV,TRA,12,05,05-01
1343,CAVSPMDSSYKLIF,NLVPMVATV,TRA,12,08,08-04
1344,CAVSDRDSSYKLIF,NLVPMVATV,TRA,12,08,08-06
1345,CALSAFSDGQKLLF,NLVPMVATV,TRA,16,09,09-02
1346,CAVGGGADGLTF,NLVPMVATV,TRA,45,21,21-01
1347,CAYRRPLLFSSGSARQLTF,NLVPMVATV,TRA,22,38,38-2/DV8
1352,CASASRDSWGKLQF,NLVPMVATV,TRA,24,12,12-02
1356,CALLTDSWGKLQF,NLVPMVATV,TRA,24,06,06-01
1360,CAVLTGTASKLTF,NLVPMVATV,TRA,44,39,39-01
1361,CVVRKTTDSWGKLQF,NLVPMVATV,TRA,24,10,10-01
1363,CASYSSASKIIF,NLVPMVATV,TRA,03,08,08-03
1364,CAGVGDSSYKLIF,NLVPMVATV,TRA,12,01,01-01
1366,CAMSAQRDDKIIF,NLVPMVATV,TRA,30,12,12-03
1369,CLVGDSTGKLIF,NLVPMVATV,TRA,37,04,04-01
1370,CAVTRSARQLTF,NLVPMVATV,TRA,22,08,08-04
1373,CAASGVGSARQLTF,NLVPMVATV,TRA,22,29,29/DV5
1374,CILREAPTSGTYKYIF,NLVPMVATV,TRA,40,26,26-02
1376,CVVSADSWGKLQF,NLVPMVATV,TRA,24,10,10-01
1377,CALSEALGKGSRGSTLGRLYF,NLVPMVATV,TRA,18,19,19-01
1379,CAVPKSGGSYIPTF,NLVPMVATV,TRA,06,21,21-01
1380,CAIPRHPTGGGADGLTF,NLVPMVATV,TRA,45,14,14/DV4
1381,CAMRGLLQGAQKLVF,NLVPMVATV,TRA,54,14,14/DV4
1385,CAGWGLSWGKLQF,NLVPMVATV,TRA,24,25,25-01
1387,CAVRTISGGSYIPTF,NLVPMVATV,TRA,06,08,08-01
1388,CAFPMDSSYKLIF,NLVPMVATV,TRA,12,24,24-01
1389,CAVGEGTSYGKLTF,NLVPMVATV,TRA,52,08,08-03
1396,CAASLLQGAQKLVF,VLFGLGFAI,TRA,54,29,29/DV5
1410,CAVLKTSYDKVIF,GILGFVFTL,TRA,49,03,03-01
1411,CAVSDSQVGDARLMF,GILGFVFTL,TRA,34,08,08-06
1412,CATVDYTGGFKTIF,GILGFVFTL,TRA,31,08,08-06
1414,CAEMYSSASKIIF,GILGFVFTL,TRA,53,25,25-01
1418,CAGLVGTSYGKLTF,GILGFVFTL,TRA,24,08,08-06
1420,CAVRDGGDKLIF,GILGFVFTL,TRA,17,08,08-06
1421,CAVEGADGLTF,GILGFVFTL,TRA,17,08,08-06
1423,CAGSGYSTLTF,GILGFVFTL,TRA,48,08,08-06
1425,CAVVYAGKSTF,GILGFVFTL,TRA,09,17,17-01
1440,CATDDHAGGTSYGKLTF,GILGFVFTL,TRA,34,03,03-01
1443,CAAGGGAWLARISF,GILGFVFTL,TRA,11,08,08-06
1445,CAVSDLIGDDKIIF,GILGFVFTL,TRA,27,08,08-06
1446,CARDDRKLIW,RFYKTLRAEQASQ,TRA,38,24,24-01
1455,CSPQGGSEKLVF,RFYKTLRAEQASQ,TRA,57,24,24-01
1456,CAFIPGGSYIPTF,RFYKTLRAEQASQ,TRA,06,24,24-01
1498,CAYEGASEKLVF,RFYKTLRAEQASQ,TRA,57,24,24-01
1505,CASESTGAQKLVF,RFYKTLRAEQASQ,TRA,54,24,24-01
1518,CAFASGSARQLTF,RFYKTLRAEQASQ,TRA,22,24,24-01
1538,CAFGDYKLSF,RFYKTLRAEQASQ,TRA,20,24,24-01
1550,CAPGGGGSEKLVF,RFYKTLRAEQASQ,TRA,57,24,24-01
1561,CAFDRRALTF,RFYKTLRAEQASQ,TRA,05,24,24-01
1567,CALGGGETSGSRLTF,RFYKTLRAEQASQ,TRA,58,24,24-01
1583,CASLYSSASKIIF,RFYKTLRAEQASQ,TRA,03,24,24-01
1597,CARDDRKLIW,RFYKTLRAEQASQ,TRA,38,24,24-01
1604,CALDSGGGADGLTF,RFYKTLRAEQASQ,TRA,45,24,24-01
1613,CAPGGYQKVTF,RFYKTLRAEQASQ,TRA,13,24,24-01
1614,CAWGSARQLTF,RFYKTLRAEQASQ,TRA,22,24,24-01
1622,CALMTTDSWGKLQF,RFYKTLRAEQASQ,TRA,24,24,24-01
1623,CAASEGDSGTYKYIF,QLQPFPQPELPY,TRA,40,14,14/DV4
1624,CAVKFASGTYKYIF,QLQPFPQPELPY,TRA,40,08,08-06
1626,CAVVDASSKLIF,PQQPFPQPEQPFP,TRA,12,26,26-01
1628,CAESRYSGYSTLTF,PQQPFPQPEQPFP,TRA,11,14,14/DV4
1632,CAVELGDSWGKFQF,PFPQPELPY,TRA,24,01,01-02
1634,CAVGWEDGTASKLTF,PFPQPELPY,TRA,44,08,08-04
1639,CAVTLGGGSEKLVF,PFPQPELPY,TRA,21,09,09-01
1645,CIAFQGAQKLVF,PQPELPYPQ,TRA,54,08,08-06
1648,CAMREGRGAGSYQLTF,PQPELPYPQ,TRA,28,08,08-06
1649,CAMSVLSGTYKYIF,PQPELPYPQ,TRA,40,13,13-02
1653,CAGRLWTDKLIF,GILGFVFTL,TRA,34,05,05-01
1655,CAGDSGGYQKVTF,GILGFVFTL,TRA,13,27,27-01
1658,CAVVRGGADGLTF,GILGFVFTL,TRA,45,25,25-01
1660,CAIGFQKLVF,GILGFVFTL,TRA,08,13,13-01
1661,CAVKTSYDKVIF,GILGFVFTL,TRA,50,10,10-01
1663,CAGGRHSGGGADGLTF,GILGFVFTL,TRA,45,14,14/DV4
1664,CAGGGIQGAQKLVF,GILGFVFTL,TRA,54,12,12-01
1665,CVVSEGVTEDMRF,GILGFVFTL,TRA,43,10,10-01
1668,CAVGYSGGYQKVTF,GILGFVFTL,TRA,13,08,08-02
1670,CAVPDKLIF,SLFWNEPAI,TRA,34,12,12-03
1673,CAVDKFYF,SLFWNEPAI,TRA,21,38,38-2/DV8
